{
	"partitions" : [
		{
			"name" : "Top",
			"pins" : [
				{
					"name" : "DebugLED[0]",
					"strict" : false
				},
				{
					"name" : "DebugLED[1]",
					"strict" : false
				},
				{
					"name" : "DebugLED[2]",
					"strict" : false
				},
				{
					"name" : "DebugLED_Control[0]",
					"strict" : false
				},
				{
					"name" : "DebugLED_Control[1]",
					"strict" : false
				},
				{
					"name" : "DebugLED_Control[2]",
					"strict" : false
				},
				{
					"name" : "DebugLED_Control[3]",
					"strict" : false
				},
				{
					"name" : "DebugLED_Control[4]",
					"strict" : false
				},
				{
					"name" : "DebugLED_Control[5]",
					"strict" : false
				},
				{
					"name" : "BuzzerOut",
					"strict" : false
				},
				{
					"name" : "clk",
					"strict" : false
				},
				{
					"name" : "reset",
					"strict" : false
				},
				{
					"name" : "SW3",
					"strict" : false
				},
				{
					"name" : "BtnStart",
					"strict" : false
				},
				{
					"name" : "BtnSec",
					"strict" : false
				},
				{
					"name" : "BtnMin",
					"strict" : false
				},
				{
					"name" : "SW2",
					"strict" : false
				},
				{
					"name" : "BtnClear",
					"strict" : false
				}
			]
		}
	]
}